Gender,Married,Dependents,Education,Self_Employed,ApplicantIncome,CoapplicantIncome,LoanAmount,Loan_Amount_Term,Credit_History,Property_Area,Loan_Status
Male,No,1,Yes,No,3973,9064,4443,240,1,Yes,Yes
Female,No,1,No,No,1816,6682,3842,360,1,Yes,No
Female,Yes,2,Yes,No,3395,4357,5043,180,0,Yes,No
Male,Yes,1,Yes,Yes,9666,2710,4675,360,1,No,Yes
Male,No,3+,No,No,8739,3088,2350,180,1,Yes,Yes
Female,No,1,Yes,No,9644,6186,8279,360,1,No,Yes
Male,No,3+,No,No,6029,7798,7507,360,1,No,No
Female,Yes,1,No,Yes,5989,3458,7930,240,1,Yes,Yes
Male,No,3+,No,No,9380,4669,9731,240,1,No,Yes
Male,Yes,0,No,Yes,5968,5648,9075,180,1,No,Yes
Male,Yes,0,No,Yes,6050,4728,4803,360,1,No,No
Male,No,3+,No,No,5351,7952,1683,360,1,Yes,No
Male,No,1,No,No,8801,3270,7931,360,1,Yes,Yes
Female,Yes,0,No,No,7181,1142,8849,240,1,Yes,No
Male,No,1,No,Yes,3728,5208,8849,180,1,No,Yes
Female,Yes,2,No,Yes,9176,5913,2681,180,1,Yes,Yes
Female,No,2,No,No,8826,4119,2066,180,1,Yes,Yes
Male,No,2,No,Yes,5379,6380,4752,180,1,No,Yes
Female,No,3+,No,Yes,8961,1227,7474,240,1,No,No
Female,No,2,Yes,No,4753,2811,7721,360,1,Yes,No
Female,No,3+,Yes,No,5223,6429,2473,360,1,No,Yes
Male,No,3+,No,Yes,7604,4753,9054,180,0,No,Yes
Male,Yes,3+,No,No,8584,8740,3185,240,1,No,Yes
Male,No,0,No,No,1742,9838,1938,180,1,Yes,No
Male,Yes,2,Yes,No,2179,4182,6860,360,1,Yes,Yes
Female,Yes,1,Yes,No,1161,7218,2087,240,1,No,No
Female,No,1,No,No,1646,7265,3258,240,1,No,No
Female,Yes,1,Yes,Yes,5133,9414,7959,180,1,Yes,Yes
Male,Yes,3+,Yes,Yes,3641,4109,7971,180,1,No,Yes
Male,No,1,No,No,7454,6765,6011,240,1,Yes,Yes
Male,No,2,No,Yes,7643,9459,9886,360,1,No,No
Male,Yes,3+,Yes,No,8674,9418,1309,180,1,Yes,Yes
Female,No,1,No,No,2725,7399,7251,180,1,No,No
Male,Yes,3+,Yes,Yes,9403,3196,2519,180,1,No,Yes
Male,Yes,2,Yes,Yes,6656,2133,4686,240,1,Yes,Yes
Female,Yes,0,Yes,Yes,3897,6303,4278,240,1,No,No
Female,No,2,No,No,1724,2389,9732,240,1,Yes,Yes
Male,No,3+,Yes,No,2818,9489,6517,180,1,Yes,Yes
Male,No,3+,Yes,Yes,7135,1500,2562,360,0,Yes,No
Male,No,0,No,No,5976,1217,8984,360,1,No,No
Female,No,3+,No,No,5435,7537,3154,240,1,Yes,No
Male,Yes,1,Yes,No,7611,3544,6469,240,1,Yes,No
Male,No,1,No,Yes,8646,8834,7945,240,1,Yes,Yes
Female,Yes,2,No,Yes,8701,8871,3088,180,1,Yes,No
Male,Yes,1,No,Yes,9571,8474,1431,360,1,Yes,No
Male,No,1,Yes,Yes,9958,3337,3829,240,1,No,Yes
Male,Yes,0,No,Yes,1344,6045,2771,240,0,No,Yes
Female,No,3+,No,No,6678,6723,9370,360,1,No,No
Male,Yes,0,Yes,No,2038,6996,9738,360,1,No,Yes
Female,Yes,1,No,Yes,4854,7739,1974,180,1,No,Yes
Female,Yes,2,No,No,1700,2548,5617,240,0,No,No
Female,Yes,3+,Yes,Yes,5933,1961,5692,240,1,No,No
Female,No,0,Yes,Yes,2170,6261,8158,180,1,No,No
Male,Yes,0,Yes,No,9427,6472,1961,360,1,No,No
Female,Yes,1,Yes,Yes,2377,5676,8210,360,1,No,No
Female,No,0,No,Yes,6007,6696,4408,360,1,No,No
Female,Yes,2,Yes,Yes,1999,5427,6595,180,1,Yes,No
Female,No,2,Yes,Yes,4777,7983,9504,180,1,Yes,Yes
Male,No,0,Yes,Yes,4966,3141,5343,360,0,Yes,Yes
Female,No,2,No,Yes,2177,5721,8964,180,1,Yes,No
Female,Yes,2,No,Yes,5298,3541,8499,180,1,No,Yes
Male,Yes,2,No,Yes,9036,5867,3759,240,1,Yes,No
Female,Yes,1,Yes,Yes,2323,1809,1456,360,1,Yes,Yes
Female,Yes,3+,Yes,Yes,2955,8083,5935,240,1,Yes,Yes
Female,No,3+,No,Yes,8110,7205,7538,180,1,No,No
Male,No,2,Yes,Yes,6844,7332,9823,180,1,No,No
Female,No,3+,No,No,6542,1961,8721,240,1,Yes,Yes
Female,Yes,1,No,Yes,9931,7424,6240,240,1,No,Yes
Female,No,3+,No,Yes,3830,4409,2500,360,1,Yes,Yes
Female,Yes,1,No,No,9686,6288,8898,180,1,No,No
Female,Yes,3+,Yes,No,7057,6496,7799,240,1,Yes,No
Male,Yes,1,Yes,No,6283,1558,8093,360,0,No,Yes
Female,Yes,2,Yes,No,8124,6217,6687,240,1,No,Yes
Male,Yes,1,Yes,Yes,1399,9244,7522,240,0,Yes,Yes
Male,No,2,No,No,8656,6512,5915,360,1,Yes,No
Male,No,3+,No,Yes,3829,9684,8830,180,1,Yes,No
Male,No,0,Yes,No,7920,1375,1579,360,0,Yes,Yes
Female,Yes,2,Yes,Yes,8434,2118,3625,240,1,Yes,No
Female,No,2,No,No,8792,7142,6902,240,1,No,No
Male,Yes,0,No,Yes,1396,9162,2841,180,1,Yes,No
Female,No,3+,Yes,No,5788,1660,4755,180,1,Yes,No
Male,No,1,Yes,No,2081,6311,6595,180,0,No,No
Male,No,3+,Yes,No,7565,2852,7834,360,1,No,Yes
Female,No,1,No,Yes,8045,3178,3989,240,1,No,No
Female,Yes,3+,Yes,Yes,7308,3899,4952,240,1,Yes,No
Female,No,3+,Yes,Yes,7726,2156,8686,240,1,Yes,Yes
Male,Yes,1,Yes,No,5094,4869,2013,240,1,No,No
Male,Yes,2,Yes,No,1500,1182,4372,240,0,No,Yes
Female,Yes,0,No,Yes,4351,8575,4036,180,1,No,No
Female,No,1,Yes,No,4768,6967,3003,360,1,Yes,No
Male,No,2,Yes,No,5446,2781,1487,240,0,Yes,No
Male,No,3+,Yes,Yes,3216,8515,6690,180,1,Yes,No
Male,No,3+,Yes,No,5209,8337,2911,180,1,No,Yes
Male,No,3+,Yes,Yes,8913,9537,5282,240,1,No,Yes
Female,Yes,1,No,No,3261,8921,1108,180,1,Yes,No
Male,No,2,No,Yes,8260,3699,9785,360,1,Yes,Yes
Male,No,2,No,No,7711,8518,1682,360,1,No,No
Male,No,2,Yes,No,3660,5646,7348,360,1,Yes,No
Female,No,3+,Yes,Yes,6001,7238,7733,360,1,Yes,Yes
Male,Yes,2,No,Yes,4790,2594,7066,180,0,No,No
Male,Yes,0,Yes,Yes,8100,7548,3875,180,1,Yes,Yes
Female,No,1,No,Yes,2637,7505,8834,360,1,Yes,Yes
Female,Yes,1,Yes,Yes,8829,4393,4252,180,0,Yes,No
Female,Yes,0,Yes,No,5688,2603,2103,240,1,Yes,No
Male,Yes,0,Yes,Yes,6683,5751,2988,360,1,Yes,No
Female,No,0,No,Yes,5280,1515,9192,180,1,No,Yes
Female,Yes,2,No,No,7212,7140,2160,180,1,No,No
Male,Yes,1,Yes,No,3644,5437,4193,240,0,No,Yes
Male,Yes,3+,No,No,1696,7754,1110,180,0,No,No
Male,Yes,3+,Yes,No,4720,3875,4949,240,0,Yes,No
Male,Yes,1,Yes,Yes,1774,7812,9726,180,1,No,No
Female,Yes,2,Yes,No,8027,7860,9460,360,1,No,Yes
Female,No,3+,Yes,Yes,7471,9223,3010,180,1,No,Yes
Female,Yes,1,Yes,No,8207,9114,5351,360,1,Yes,No
Male,Yes,0,No,Yes,7416,2432,4032,180,1,Yes,Yes
Male,No,2,Yes,Yes,7986,8782,8452,180,1,Yes,Yes
Female,No,2,No,Yes,2165,8102,3182,240,1,No,No
Male,Yes,2,Yes,No,4862,6280,6472,240,1,No,No
Female,No,3+,No,No,5614,5653,4090,180,1,Yes,No
Female,Yes,0,No,No,9336,5566,9842,180,1,Yes,Yes
Male,No,0,Yes,No,3583,8340,1186,180,1,Yes,No
Female,No,2,No,No,3186,3135,4881,360,1,No,Yes
Male,No,0,No,Yes,2681,4480,3382,240,1,Yes,Yes
Female,No,2,Yes,Yes,4176,3844,3574,240,1,Yes,Yes
Female,No,2,Yes,No,6681,4647,2859,360,1,No,No
Male,Yes,3+,Yes,Yes,6800,1149,2062,360,1,Yes,Yes
Male,Yes,1,No,Yes,2155,6124,4695,360,1,No,Yes
Female,Yes,2,No,Yes,8851,1309,6173,360,1,No,Yes
Male,No,2,No,Yes,7969,9923,5984,360,1,No,Yes
Male,Yes,1,No,No,5484,1585,8920,240,1,No,No
Female,No,3+,Yes,No,4400,7854,4820,240,1,No,No
Male,No,0,Yes,No,2479,6060,5388,360,1,No,No
Male,Yes,1,Yes,No,5834,1924,8311,360,1,No,Yes
Male,No,1,Yes,Yes,1245,3581,7664,240,1,No,Yes
Female,No,0,No,Yes,1547,7291,2042,360,1,No,Yes
Female,Yes,0,Yes,Yes,3431,2210,1360,180,1,No,Yes
Male,Yes,1,No,Yes,9328,8633,7971,240,1,Yes,Yes
Female,No,3+,No,No,4760,3851,1692,180,1,Yes,No
Female,No,0,No,No,5296,5599,2122,180,1,No,No
Female,No,1,No,No,6165,3622,7047,360,1,Yes,No
Female,No,1,No,Yes,4521,9433,3667,240,1,Yes,Yes
Female,No,3+,Yes,Yes,1604,8614,5758,240,1,No,Yes
Male,No,3+,No,No,1893,5012,9429,240,1,No,No
Male,No,0,No,Yes,6305,9277,8585,360,0,Yes,No
Male,Yes,3+,No,Yes,6701,7206,6191,180,1,Yes,No
Male,Yes,3+,Yes,Yes,3732,5516,3260,240,1,No,No
Female,Yes,0,No,No,9629,3975,7382,240,0,Yes,No
Female,Yes,3+,Yes,No,4524,3930,3720,360,1,No,No
Male,Yes,3+,No,No,5562,4560,7015,180,1,No,Yes
Female,No,1,No,Yes,3070,2002,4035,180,1,No,No
Female,Yes,3+,No,No,5274,1886,7347,360,1,Yes,No
Male,Yes,3+,No,No,5014,3793,8530,360,1,No,Yes
Male,Yes,0,Yes,Yes,9829,7308,2618,180,1,Yes,Yes
Female,Yes,1,Yes,No,2754,2985,2909,180,1,Yes,No
Male,No,0,Yes,No,3874,2186,1280,360,1,Yes,No
Female,No,1,No,No,7687,5052,5420,360,1,No,Yes
Male,Yes,3+,No,Yes,7269,3003,2484,360,1,Yes,Yes
Female,No,3+,Yes,No,3962,4522,1280,240,0,Yes,No
Female,Yes,3+,Yes,No,8724,5506,6153,360,1,Yes,No
Female,No,3+,Yes,No,2523,2339,1655,240,1,Yes,Yes
Male,Yes,1,Yes,No,6759,7684,7441,180,0,Yes,No
Male,Yes,2,No,No,9294,1851,9526,180,1,Yes,No
Male,No,0,Yes,Yes,6443,7205,3620,360,1,No,Yes
Female,Yes,1,Yes,Yes,9374,7250,3922,240,0,No,No
Female,No,2,No,No,1654,6099,5292,360,1,Yes,No
Male,No,0,No,Yes,5020,4166,8670,180,1,No,Yes
Male,Yes,1,No,No,8845,8353,2988,180,1,No,No
Female,No,2,No,Yes,8817,7992,2243,180,0,No,No
Male,No,2,Yes,Yes,6508,8721,5422,180,1,No,No
Male,Yes,1,No,Yes,1515,2353,2001,240,1,Yes,No
Female,No,3+,Yes,No,1026,5988,4053,240,1,Yes,No
Male,Yes,2,No,Yes,9778,7892,4604,240,1,No,No
Male,Yes,3+,No,No,2441,7178,6940,240,1,Yes,Yes
Male,Yes,2,No,No,5596,9112,6493,180,1,No,No
Male,No,0,No,No,7134,6368,3816,240,1,No,Yes
Male,Yes,1,No,No,5232,4239,9169,180,1,No,Yes
Female,Yes,3+,Yes,Yes,7682,9339,1873,180,1,Yes,No
Male,Yes,1,Yes,Yes,9103,8099,1169,180,1,No,Yes
Male,Yes,1,Yes,No,8586,7941,2452,240,1,No,No
Female,Yes,3+,No,No,9310,2081,6650,360,1,Yes,No
Male,Yes,3+,Yes,Yes,1622,3130,5269,360,1,Yes,No
Female,No,2,No,Yes,3446,2380,2658,180,1,No,Yes
Male,Yes,1,Yes,No,4722,3576,7197,360,1,Yes,No
Male,Yes,3+,No,No,7281,9631,2616,360,1,Yes,No
Male,Yes,3+,No,No,7818,9433,1968,360,1,No,No
Female,Yes,0,No,No,7248,8742,7866,240,1,Yes,Yes
Male,Yes,3+,No,No,8778,9304,6146,180,1,No,Yes
Female,No,1,No,Yes,4116,3028,7055,240,1,No,Yes
Female,No,2,Yes,No,5296,4197,7129,240,1,Yes,Yes
Male,Yes,3+,No,Yes,5331,8266,7086,180,1,Yes,Yes
Female,No,3+,Yes,No,3907,6328,3160,240,1,No,Yes
Male,No,3+,No,No,8382,7594,8614,360,1,No,No
Female,No,3+,Yes,Yes,7235,2914,5901,240,1,Yes,No
Female,No,2,Yes,No,6494,5813,4375,240,1,Yes,Yes
Male,No,2,No,No,9693,7959,9669,360,1,Yes,No
Male,No,2,Yes,No,6877,9809,9284,180,1,No,Yes
Male,No,2,No,Yes,2873,1627,4891,240,1,Yes,No
Female,No,0,Yes,No,4730,8343,8612,240,0,No,No
Male,No,3+,Yes,Yes,4565,2117,5098,240,1,Yes,No
Male,Yes,0,No,Yes,9757,3498,1055,240,1,Yes,No
Female,Yes,0,No,Yes,8104,5930,7596,180,1,No,No
Male,Yes,3+,No,Yes,3900,2915,3619,240,1,No,Yes
Female,Yes,2,Yes,No,3527,7377,1696,360,1,Yes,Yes
Female,No,3+,Yes,Yes,8328,4098,9159,360,1,Yes,No
Female,No,1,Yes,No,7462,9897,5201,240,1,No,No
Male,Yes,0,No,No,2613,5312,8732,180,1,Yes,No
Female,Yes,0,No,Yes,4108,4450,6531,360,1,Yes,Yes
Male,Yes,2,Yes,Yes,3811,9926,8106,180,1,Yes,No
Male,Yes,3+,Yes,Yes,9593,8039,9897,360,1,Yes,Yes
Female,No,2,No,No,5296,5384,1711,240,0,No,Yes
Male,Yes,0,No,No,8576,7687,8749,240,1,No,Yes
Male,Yes,0,Yes,Yes,3015,7356,5599,180,1,Yes,No
Female,Yes,2,No,No,9698,2922,8558,240,1,Yes,Yes
Female,No,2,No,No,8774,5016,9592,180,1,No,Yes
Male,No,1,Yes,No,8258,4764,5331,240,1,No,Yes
Male,No,3+,Yes,Yes,3104,5687,7636,180,0,No,No
Male,No,1,No,Yes,1365,6808,3156,360,1,No,Yes
Female,Yes,3+,No,No,7730,6512,7493,360,1,Yes,No
Male,Yes,3+,Yes,Yes,1392,2136,8335,180,1,Yes,No
Female,No,3+,No,Yes,8186,2092,2764,240,1,Yes,No
Male,Yes,1,Yes,No,3133,7852,6794,240,1,No,Yes
Male,No,2,No,No,5788,6561,1716,240,1,Yes,No
Female,No,3+,No,Yes,4549,3247,7901,360,1,Yes,No
Male,Yes,3+,Yes,Yes,7716,5312,5106,240,1,No,No
Female,No,2,No,No,3139,1565,3741,180,0,Yes,Yes
Female,No,2,Yes,Yes,9269,2809,7560,360,1,Yes,Yes
Female,No,0,No,Yes,8025,4545,8547,180,1,No,Yes
Male,No,3+,No,No,4325,2508,4158,180,1,No,Yes
Male,Yes,3+,No,No,2119,2475,3109,360,1,Yes,Yes
Female,No,2,No,Yes,2807,2700,3078,240,1,No,No
Female,No,1,Yes,No,1846,9238,1421,360,1,No,Yes
Female,Yes,2,No,Yes,5807,2617,5606,360,1,Yes,No
Female,Yes,1,Yes,Yes,1633,9786,2438,180,0,No,Yes
Male,Yes,3+,Yes,No,4108,5537,5073,180,0,No,No
Female,No,2,No,Yes,8026,7689,8278,360,0,Yes,No
Male,No,0,No,No,3269,7441,8833,360,1,No,Yes
Male,No,1,Yes,Yes,3897,5690,6238,240,1,Yes,Yes
Female,Yes,1,Yes,No,8562,6151,7612,180,1,Yes,Yes
Male,Yes,0,Yes,Yes,4182,9124,6074,240,1,Yes,No
Male,No,1,Yes,Yes,1157,4975,8826,240,1,No,No
Male,Yes,0,Yes,Yes,3070,6699,4564,360,1,Yes,No
Female,Yes,1,No,No,1078,8915,4105,240,1,Yes,Yes
Female,No,1,No,No,9018,1856,5090,180,1,No,No
Female,Yes,0,No,No,1112,2070,9520,240,1,No,Yes
Female,Yes,2,No,No,7829,6030,8898,240,1,No,No
Male,No,2,No,Yes,5748,6598,4781,180,0,Yes,No
Female,Yes,0,No,Yes,6426,8530,8774,240,1,No,Yes
Female,No,0,Yes,No,6872,5461,1959,180,1,Yes,No
Female,Yes,1,No,No,4598,8617,9141,240,1,No,No
Male,No,0,No,Yes,2076,4108,8663,240,1,No,Yes
Female,Yes,0,No,No,9975,3349,5572,180,1,No,Yes
Male,Yes,1,No,No,5915,7943,2014,360,1,No,No
Male,Yes,1,Yes,Yes,9605,2180,8353,180,0,No,No
Female,No,1,Yes,Yes,8135,2391,6958,240,0,No,Yes
Male,No,3+,No,Yes,5008,7756,5917,360,1,Yes,No
Female,No,1,No,Yes,5888,2406,7389,360,1,Yes,Yes
Male,Yes,2,No,No,2033,5228,7712,240,1,Yes,Yes
Male,Yes,1,Yes,Yes,1279,9328,3067,180,1,Yes,No
Male,No,1,No,No,7128,1193,3316,240,1,No,Yes
Male,No,3+,No,Yes,2460,6672,4023,360,0,No,Yes
Female,No,3+,No,No,4134,9679,8073,360,1,Yes,Yes
Female,Yes,3+,Yes,No,6816,6332,3767,180,1,Yes,Yes
Female,No,3+,No,Yes,5456,6345,3396,180,1,No,No
Male,No,1,Yes,Yes,5033,3582,3626,240,1,No,Yes
Male,No,3+,Yes,Yes,8947,7958,4700,240,1,Yes,Yes
Male,No,0,Yes,Yes,1928,6129,8280,180,0,Yes,Yes
Male,Yes,0,No,Yes,1807,5193,4420,240,1,No,Yes
Female,Yes,1,No,Yes,9213,1082,3709,360,1,No,Yes
Male,No,0,No,Yes,6448,3852,5424,360,1,No,Yes
Male,No,0,No,No,1655,6555,3760,240,1,No,No
Female,No,0,Yes,Yes,2114,8398,1002,360,1,No,No
Male,No,2,Yes,No,9576,3039,6650,360,1,No,No
Male,No,2,Yes,No,6682,5030,4592,240,1,No,Yes
Female,Yes,2,No,Yes,1768,9095,3245,360,1,Yes,Yes
Female,No,3+,Yes,Yes,8975,7562,6402,360,0,No,Yes
Female,No,3+,No,Yes,4966,9402,6625,360,1,No,No
Male,No,3+,No,No,3215,9932,2485,360,1,Yes,No
Female,No,3+,Yes,No,7413,2602,1437,180,0,Yes,Yes
Male,No,1,Yes,No,4146,7369,8641,240,1,Yes,No
Female,No,0,No,No,5007,2676,1746,360,1,Yes,No
Male,No,3+,Yes,No,7772,4288,4706,180,1,Yes,No
Male,Yes,2,Yes,No,6246,4554,8613,180,1,No,No
Male,Yes,3+,No,Yes,1358,4409,8031,360,1,Yes,Yes
Male,No,2,Yes,Yes,6308,9842,2932,240,1,Yes,No
Male,No,3+,Yes,Yes,9788,2115,8815,240,1,No,Yes
Female,Yes,1,No,No,6486,7075,9558,180,0,Yes,No
Male,Yes,1,Yes,Yes,6414,1562,8660,180,1,No,No
Female,No,1,Yes,Yes,5909,9266,1651,240,1,No,Yes
Male,No,3+,Yes,No,5939,9546,8362,240,0,Yes,No
Female,No,3+,No,Yes,6930,9722,4341,240,1,No,Yes
Male,Yes,2,Yes,No,5396,2455,4857,240,1,Yes,Yes
Female,Yes,1,No,Yes,5330,6291,1534,180,1,Yes,No
Female,No,0,No,No,8133,4001,5551,180,1,No,Yes
Male,Yes,2,No,No,9226,6579,9440,360,1,Yes,Yes
Male,Yes,0,No,Yes,6716,4081,7973,360,1,No,No
Male,Yes,0,No,Yes,1276,1100,3404,180,1,No,Yes
Male,Yes,2,Yes,No,1301,7794,5265,360,1,No,No
Female,No,3+,Yes,Yes,4209,6687,1838,240,1,Yes,Yes
Male,No,3+,No,No,7124,5122,5730,180,1,Yes,Yes
Female,No,2,No,No,3105,1303,4202,240,1,Yes,No
Female,No,3+,Yes,No,8763,9868,8152,360,1,No,No
Male,No,0,No,Yes,9311,4175,3808,180,1,Yes,No
Male,No,1,Yes,No,5330,6315,3981,180,1,No,No
Female,No,3+,No,Yes,8796,3217,4533,180,0,Yes,Yes
Female,Yes,0,Yes,Yes,2411,2219,3946,240,1,Yes,No
Female,No,3+,No,Yes,5308,5352,6322,360,0,Yes,Yes
Female,No,3+,Yes,Yes,9728,8264,6375,360,1,Yes,No
Female,No,3+,Yes,Yes,9115,4236,7135,180,1,Yes,No
Female,Yes,0,No,Yes,7463,5394,5387,180,1,No,No
Male,No,2,No,Yes,6495,9137,5567,360,1,No,No
Female,No,3+,Yes,Yes,5701,5462,9655,180,1,Yes,No
Male,Yes,2,No,Yes,2507,5978,1181,360,1,No,Yes
Male,Yes,2,No,Yes,3567,5173,7976,240,1,Yes,No
Male,Yes,0,No,Yes,1634,4690,4049,240,1,No,Yes
Male,Yes,3+,Yes,No,7575,1235,4197,180,1,Yes,Yes
Female,Yes,0,No,Yes,6792,7633,9453,180,0,No,No
Female,No,2,No,No,6477,6494,5689,180,1,No,No
Female,No,1,No,Yes,5334,4125,8586,180,1,Yes,Yes
Male,No,2,Yes,No,9097,1246,3843,180,0,Yes,Yes
Male,Yes,0,No,No,7860,6310,1558,360,1,Yes,No
Male,Yes,1,No,No,1308,2101,5016,360,1,Yes,No
Female,Yes,3+,Yes,No,4918,4819,3850,360,1,Yes,Yes
Male,Yes,2,Yes,Yes,8256,4976,6426,240,1,Yes,No
Male,No,2,No,No,8121,9547,2852,360,1,No,No
Male,Yes,2,Yes,No,5233,6122,8323,360,1,No,Yes
Female,No,2,Yes,No,1103,3902,2527,360,1,Yes,No
Female,Yes,3+,Yes,Yes,9269,4669,3261,180,1,No,Yes
Female,Yes,2,No,No,6992,5712,3357,360,1,No,No
Female,No,2,Yes,No,6429,2169,9700,360,1,No,No
Female,No,0,No,Yes,5315,5884,3781,180,1,Yes,Yes
Male,Yes,3+,Yes,Yes,8102,2473,7392,240,1,No,Yes
Male,Yes,1,Yes,No,9137,1618,8017,240,0,Yes,No
Female,No,2,No,Yes,2944,7123,2209,240,1,No,Yes
Female,No,3+,Yes,No,4058,5579,1155,240,0,No,Yes
Female,No,2,No,Yes,8442,4406,4087,180,0,Yes,Yes
Female,Yes,3+,No,No,4343,2508,6206,180,1,Yes,No
Male,Yes,2,Yes,Yes,6224,7147,7504,180,0,Yes,No
Male,No,1,No,No,5058,5567,3457,360,1,Yes,Yes
Male,Yes,1,No,No,1294,2850,3816,240,1,No,No
Female,No,3+,No,Yes,6797,4470,6454,240,1,Yes,No
Female,No,3+,No,Yes,3297,3277,6427,180,1,No,Yes
Female,No,0,No,No,5785,6532,2203,360,1,Yes,No
Male,No,1,No,Yes,8137,6211,6266,180,1,No,Yes
Male,Yes,0,No,Yes,1246,8306,4212,240,0,No,Yes
Female,No,1,No,Yes,7198,8705,4658,360,1,No,No
Male,Yes,0,Yes,No,1098,2643,6365,360,0,No,No
Female,No,0,Yes,No,2100,6777,2079,240,1,No,Yes
Male,No,2,No,Yes,1925,3353,9008,360,1,Yes,No
Female,No,2,No,Yes,5209,6401,5109,180,1,No,No
Female,Yes,3+,Yes,No,1862,8838,9257,240,1,No,No
Male,No,2,No,Yes,8971,8551,3776,240,1,Yes,Yes
Male,Yes,1,No,No,2249,9582,3874,180,0,No,No
Male,No,1,Yes,Yes,5308,5771,6085,180,1,Yes,Yes
Female,Yes,3+,Yes,Yes,8254,1746,4503,240,1,Yes,Yes
Female,No,1,Yes,Yes,9197,9400,1214,180,1,No,No
Female,No,0,No,Yes,5221,2352,3117,180,0,No,No
Female,Yes,3+,No,No,2697,1541,6065,240,1,No,No
Female,Yes,2,Yes,Yes,9625,5207,9063,240,1,No,Yes
Female,No,3+,Yes,Yes,6708,2731,8693,240,1,No,No
Female,No,1,No,No,3209,4922,3666,180,1,Yes,No
Female,No,0,No,Yes,5485,4413,6646,240,1,Yes,Yes
Female,No,1,Yes,No,4517,5067,2855,360,0,Yes,Yes
Female,Yes,1,Yes,No,9907,4829,5336,180,0,Yes,No
Male,Yes,0,No,Yes,9489,3410,2866,180,1,No,Yes
Female,No,0,No,Yes,7563,7889,3424,180,1,No,Yes
Male,No,0,No,Yes,7674,6325,8003,180,1,Yes,Yes
Female,No,0,Yes,No,2171,5358,4760,180,1,No,Yes
Female,No,2,No,No,7025,7312,8964,240,0,Yes,Yes
Female,Yes,3+,Yes,Yes,6923,9462,1356,360,1,No,Yes
Male,Yes,1,Yes,Yes,3606,4038,5220,240,1,No,Yes
Female,Yes,0,Yes,No,1346,1446,7064,240,1,No,Yes
Female,No,3+,Yes,No,8980,3498,9983,240,1,No,Yes
Male,Yes,0,No,Yes,4201,4712,2265,180,0,Yes,No
Female,Yes,0,Yes,No,3236,2381,3121,240,1,Yes,Yes
Female,No,2,Yes,Yes,4533,1687,3779,180,1,Yes,No
Female,No,3+,Yes,Yes,8340,4736,8696,180,1,No,Yes
Female,No,0,Yes,Yes,1905,6367,1911,180,1,No,Yes
Female,Yes,0,No,No,6028,3812,4906,180,1,Yes,Yes
Male,No,1,No,Yes,6096,8738,7687,360,0,Yes,Yes
Female,No,0,Yes,Yes,5159,7543,4332,180,1,No,No
Female,No,0,No,Yes,1084,2130,7256,180,1,No,Yes
Male,Yes,1,No,Yes,8382,7475,6812,240,1,No,No
Male,Yes,1,Yes,No,8541,5331,1385,180,1,Yes,No
Female,Yes,2,Yes,No,2236,4774,6943,360,1,Yes,Yes
Female,Yes,3+,Yes,Yes,3950,7188,5074,180,1,No,Yes
Female,No,3+,Yes,Yes,7240,8780,2549,240,1,No,Yes
Female,No,0,No,No,2345,4827,6684,360,1,No,Yes
Male,No,1,No,Yes,1803,7119,4294,240,1,Yes,No
Female,Yes,1,No,No,6778,7517,3369,180,1,No,Yes
Male,Yes,3+,Yes,No,4887,4891,1942,240,0,Yes,Yes
Female,No,3+,Yes,No,9205,9390,7249,240,1,No,Yes
Male,No,3+,No,Yes,5894,7114,3964,180,1,No,Yes
Male,Yes,3+,Yes,Yes,7668,7210,3909,180,1,No,No
Female,No,2,No,No,3435,5810,5029,240,1,Yes,Yes
Female,Yes,3+,No,No,4208,8470,9426,180,1,No,No
Female,Yes,0,No,No,2430,2186,3493,360,1,Yes,Yes
Female,Yes,2,Yes,No,5463,6770,9550,240,1,No,Yes
Male,Yes,1,Yes,Yes,5057,2157,5470,360,1,Yes,No
Female,Yes,2,No,No,1550,6265,7234,360,1,Yes,No
Female,Yes,2,Yes,No,6674,5356,8068,360,1,No,No
Male,Yes,1,Yes,No,4004,5458,4271,240,1,Yes,Yes
Male,Yes,3+,Yes,No,8622,8929,2630,360,1,No,No
Female,No,3+,No,Yes,9409,4997,3098,240,1,No,Yes
Male,Yes,0,No,No,4438,3548,5235,240,1,Yes,Yes
Female,No,0,Yes,No,8508,9616,5444,240,1,Yes,Yes
Female,Yes,2,Yes,Yes,3847,1358,8912,240,1,No,Yes
Male,No,2,No,Yes,3391,8646,4788,180,1,No,Yes
Female,Yes,3+,Yes,No,5285,6796,1759,180,0,Yes,Yes
Female,Yes,3+,Yes,Yes,7339,6420,6850,360,1,No,No
Male,No,2,Yes,Yes,8366,3097,3435,180,1,Yes,No
Female,No,2,Yes,Yes,2997,3706,3540,180,1,No,No
Male,No,1,Yes,Yes,8686,5644,5988,180,1,Yes,No
Male,No,2,Yes,Yes,9796,4258,3237,360,1,Yes,No
Male,Yes,2,No,No,4193,6625,1499,360,1,Yes,No
Male,No,1,Yes,Yes,1477,4838,4685,360,1,No,No
Male,Yes,0,Yes,Yes,7914,1070,3644,360,1,Yes,No
Male,No,1,Yes,No,8064,9367,7658,180,1,Yes,Yes
Female,Yes,0,No,Yes,5512,3615,8324,360,1,No,Yes
Male,No,3+,Yes,Yes,7729,4167,6701,180,0,Yes,Yes
Female,No,3+,No,Yes,6248,6855,9651,240,1,No,No
Male,No,2,No,Yes,5174,2506,9157,240,1,Yes,Yes
Male,Yes,3+,No,Yes,4115,5406,2992,240,1,No,No
Female,No,1,Yes,No,4690,5500,4790,240,1,Yes,No
Male,No,1,No,No,1444,8643,9062,180,1,No,Yes
Female,No,3+,No,No,9331,8671,9681,360,0,No,Yes
Male,Yes,2,No,No,2648,6715,7722,180,1,No,Yes
Female,Yes,1,Yes,Yes,4677,4693,2579,240,1,No,Yes
Female,No,0,No,No,7314,5871,5933,180,1,No,No
Male,No,1,No,Yes,3783,6267,9890,180,1,Yes,Yes
Male,No,0,No,No,7035,6251,1798,180,1,No,No
Male,No,2,Yes,Yes,8751,6471,9605,180,1,Yes,Yes
Male,Yes,2,No,Yes,5769,5364,6360,360,1,No,No
Male,No,1,No,Yes,7364,9730,1142,360,1,Yes,Yes
Female,No,1,No,No,5979,5699,1600,240,1,Yes,No
Male,Yes,3+,Yes,No,9279,6061,6095,180,0,Yes,No
Male,No,2,Yes,Yes,7472,3997,4893,180,1,Yes,Yes
Male,Yes,0,No,No,2758,1439,5832,180,1,No,No
Female,Yes,0,No,No,3246,2244,1950,360,1,No,Yes
Female,No,2,No,No,7041,1685,6086,360,0,No,No
Female,Yes,0,No,No,8876,8821,5588,360,0,No,Yes
Female,Yes,1,Yes,No,4186,6546,3529,240,0,No,Yes
Male,Yes,3+,No,Yes,5747,4002,4441,360,0,Yes,Yes
Male,No,3+,Yes,Yes,6111,7975,4448,240,1,No,No
Male,No,3+,Yes,Yes,9180,5746,8288,180,1,Yes,Yes
Female,Yes,2,Yes,Yes,3954,7689,7792,240,0,No,No
Male,No,3+,No,Yes,4988,2698,9068,360,1,No,Yes
Female,Yes,1,Yes,Yes,6809,2800,6761,240,0,No,Yes
Female,Yes,0,No,Yes,9425,5367,9362,240,1,Yes,No
Male,No,3+,Yes,Yes,3220,9229,3515,240,1,Yes,Yes
Male,No,1,Yes,Yes,1775,5600,7069,240,0,Yes,No
Female,No,2,Yes,No,4768,6094,4701,240,1,No,No
Female,No,2,Yes,Yes,3881,9273,7620,360,1,Yes,Yes
Male,No,2,No,Yes,5950,1744,6924,360,1,Yes,Yes
Male,Yes,3+,No,Yes,1587,9857,1524,360,1,Yes,No
Female,Yes,1,No,No,3243,6229,6796,240,1,No,No
Male,No,0,Yes,Yes,3611,1632,2606,360,0,No,Yes
Female,Yes,3+,Yes,Yes,7433,5847,2367,180,1,Yes,Yes
Female,No,2,No,Yes,8302,2015,1698,240,1,No,Yes
Male,Yes,3+,No,Yes,2753,1082,7386,240,0,Yes,No
Male,Yes,2,No,Yes,8375,7256,6844,240,1,Yes,No
Male,Yes,1,Yes,Yes,5003,2723,9199,180,1,No,No
Female,No,1,No,Yes,1106,6815,3235,180,1,Yes,No
Female,No,0,Yes,Yes,7520,2878,5367,180,1,Yes,Yes
Female,No,2,No,Yes,4944,4914,6742,360,1,Yes,Yes
Male,Yes,3+,Yes,Yes,3610,8903,4997,240,0,No,No
Male,Yes,3+,Yes,No,2313,3418,5670,180,1,No,Yes
Female,No,2,Yes,Yes,8699,1608,1136,360,0,No,No
Female,Yes,1,Yes,No,5987,5878,4070,240,1,Yes,No
Female,Yes,3+,Yes,No,8523,5378,4460,180,1,No,No
Male,Yes,2,No,No,1193,9227,6002,360,1,Yes,Yes
Female,No,0,Yes,No,7545,3702,6776,180,1,Yes,Yes
Male,Yes,3+,Yes,No,9251,3269,6919,180,1,No,Yes
Male,Yes,2,No,No,8491,3499,8088,240,1,No,No
Female,No,0,Yes,No,2489,3422,6376,180,1,Yes,No
Female,No,0,No,Yes,8775,1277,3115,180,1,Yes,Yes
Male,No,3+,Yes,No,8633,5391,6184,180,1,No,Yes
Female,No,1,No,Yes,2609,8703,8223,240,0,Yes,No
Male,No,3+,Yes,No,8071,4837,8629,240,0,Yes,Yes
Male,Yes,0,Yes,Yes,3316,8257,1134,360,1,Yes,No
Male,No,0,Yes,Yes,4765,4713,9652,240,1,Yes,Yes
Female,No,3+,No,No,4345,7091,3937,180,1,Yes,No
Female,No,3+,Yes,No,1608,3790,1141,180,1,Yes,No
Male,Yes,1,Yes,No,8026,3279,3272,180,1,Yes,Yes
Male,Yes,3+,Yes,No,8853,3618,4448,180,1,Yes,Yes
Male,No,0,Yes,Yes,4163,9079,3864,240,1,No,No
Male,Yes,0,Yes,Yes,3388,9554,7394,360,0,No,No
Male,Yes,0,No,No,2922,8570,6374,180,0,No,Yes
Male,Yes,1,Yes,Yes,7285,8995,9471,180,1,Yes,No
Female,Yes,2,Yes,Yes,1525,4529,7473,180,1,No,Yes
Female,Yes,1,Yes,Yes,9645,4862,4461,360,0,Yes,Yes
Female,Yes,0,No,Yes,5146,5843,7830,180,1,No,No
Female,No,3+,Yes,Yes,6011,8317,9741,360,1,No,Yes
Male,No,2,No,Yes,4456,3103,6080,360,1,No,No
Female,Yes,3+,Yes,Yes,4511,9815,6421,360,0,No,Yes
Female,No,3+,Yes,No,1874,6389,8635,180,1,No,No
Male,No,0,Yes,No,3809,2213,3958,180,1,No,Yes
Male,Yes,2,Yes,No,1944,3376,7499,240,1,No,No
Female,No,0,Yes,Yes,1214,7263,5844,180,1,Yes,Yes
Female,Yes,3+,No,No,7694,3959,3354,240,1,Yes,No
Male,No,3+,No,Yes,2527,7086,9450,360,1,No,No
Male,Yes,3+,No,No,9808,2937,3275,180,0,Yes,No
Male,Yes,0,No,Yes,5221,8766,5354,180,1,Yes,Yes
Female,Yes,2,No,Yes,9287,1780,4708,240,1,Yes,Yes
Female,Yes,1,Yes,No,7400,5985,7292,180,0,Yes,No
Male,No,0,Yes,Yes,8182,5544,3541,360,1,Yes,No
Female,No,0,Yes,Yes,2335,2650,6695,180,1,Yes,No
Female,No,3+,No,Yes,6198,9842,6377,240,0,Yes,Yes
Male,Yes,3+,Yes,Yes,2103,4982,3326,360,1,Yes,Yes
Male,No,2,Yes,Yes,4871,1454,6319,360,1,No,No
Female,No,0,No,Yes,2095,4978,1789,240,1,Yes,No
Male,Yes,1,No,Yes,4618,6496,2211,360,1,No,No
Female,Yes,2,Yes,Yes,2802,5880,7729,360,0,Yes,No
Female,No,0,No,Yes,3777,9174,9310,360,1,Yes,Yes
Male,Yes,2,Yes,Yes,4803,2793,1454,360,1,No,No
Male,Yes,2,No,No,7475,3427,1991,180,1,Yes,Yes
Male,No,1,Yes,No,2435,3577,2219,180,1,No,Yes
Male,Yes,0,No,No,9681,8988,5446,180,1,Yes,Yes
Female,No,2,No,No,4917,5514,7562,240,1,Yes,Yes
Female,No,1,Yes,No,3589,8085,6132,240,1,Yes,No
Male,No,2,No,Yes,6580,6113,9037,180,1,Yes,Yes
Female,Yes,3+,Yes,No,6972,8614,6383,240,1,No,Yes
Female,No,2,Yes,Yes,4864,5020,4746,180,1,No,No
Male,No,2,Yes,Yes,3065,5231,4533,180,1,No,Yes
Female,Yes,0,Yes,No,5905,4127,2858,240,1,Yes,No
Male,Yes,3+,Yes,Yes,7328,3926,5324,180,1,Yes,No
Male,Yes,3+,Yes,Yes,8157,8569,3405,240,1,No,No
Female,No,2,Yes,No,5420,2480,8599,240,1,No,Yes
Male,Yes,0,Yes,No,2437,8920,7635,180,1,Yes,Yes
Female,Yes,3+,No,No,5548,2927,7250,240,1,No,No
Female,Yes,1,Yes,No,1903,5589,4609,240,1,Yes,Yes
Female,Yes,0,No,Yes,3267,6132,7967,240,1,Yes,No
Female,No,3+,No,No,3777,9778,8494,360,1,No,Yes
Male,No,1,Yes,No,2685,9341,3599,360,1,Yes,No
Female,No,2,No,Yes,8929,6160,7584,240,1,No,No
Male,No,2,Yes,Yes,7794,7431,7799,360,0,Yes,No
Male,No,1,Yes,Yes,7456,1678,7426,360,1,Yes,No
Male,No,1,Yes,No,8655,4172,7259,240,1,No,No
Male,Yes,1,No,Yes,1971,4145,8716,180,1,No,Yes
Female,Yes,2,Yes,Yes,9911,4533,1085,240,1,No,Yes
Female,No,0,No,No,9195,9183,4487,360,1,No,Yes
Female,No,0,No,Yes,6114,1200,3978,360,1,No,No
Male,Yes,3+,Yes,No,9595,6324,1506,360,1,No,Yes
Female,Yes,2,Yes,No,9802,1402,1278,180,1,No,No
Female,No,2,Yes,Yes,7316,3288,4087,360,1,Yes,Yes
Female,Yes,2,Yes,Yes,7070,9964,4909,180,0,No,Yes
Male,Yes,0,Yes,Yes,9669,7076,4611,360,1,No,Yes
Female,No,1,No,Yes,7208,1123,9652,360,1,No,Yes
Male,Yes,0,No,No,5553,8606,8184,240,1,Yes,Yes
Female,Yes,0,Yes,No,9795,8274,2148,180,1,No,No
Female,Yes,0,Yes,No,7913,1489,4809,180,0,No,Yes
Male,Yes,3+,Yes,Yes,1159,5109,5718,240,1,No,Yes
Female,No,3+,No,No,1200,8506,3493,240,0,Yes,No
Female,No,3+,Yes,No,6203,8298,4122,360,1,Yes,Yes
Male,Yes,1,No,Yes,7990,6555,2690,360,1,Yes,Yes
Male,No,0,Yes,No,6196,3669,1059,360,1,No,Yes
Female,No,0,Yes,Yes,5024,9595,6336,360,1,No,Yes
Female,Yes,0,No,Yes,9956,4154,6010,180,1,No,No
Male,Yes,2,Yes,No,1235,5374,4662,360,1,No,Yes
Female,No,0,No,No,4314,5711,1246,180,1,Yes,Yes
Female,Yes,0,No,No,1043,4976,9427,180,1,Yes,Yes
Male,Yes,1,No,No,6656,3566,3528,180,1,No,Yes
Female,No,3+,No,No,2499,5358,8346,180,1,No,Yes
Male,Yes,0,No,No,9309,5717,6227,240,1,Yes,Yes
Female,Yes,2,Yes,No,7802,9050,4015,360,1,No,No
Female,Yes,0,No,No,2678,9769,1092,180,1,Yes,Yes
Female,No,3+,Yes,Yes,8279,3886,7588,240,1,Yes,Yes
Female,Yes,0,Yes,No,9438,6850,9271,180,1,Yes,Yes
Male,Yes,3+,No,Yes,9333,7062,4407,180,0,Yes,Yes
Male,No,0,Yes,Yes,4842,4230,5668,360,1,Yes,No
Female,Yes,1,No,Yes,9560,4878,4067,180,1,Yes,Yes
Female,No,1,No,No,4988,2932,4580,240,1,No,No
Male,No,0,No,Yes,6673,8946,9809,360,1,Yes,Yes
Male,Yes,3+,Yes,No,8247,5473,7925,360,1,Yes,Yes
Female,Yes,1,Yes,Yes,5666,6094,5673,180,1,Yes,Yes
Male,Yes,3+,Yes,Yes,7576,1494,3126,360,1,Yes,Yes
Female,No,3+,Yes,No,6547,2055,9996,180,1,Yes,Yes
Female,No,1,Yes,No,1219,5717,9733,180,0,Yes,Yes
Male,Yes,0,No,No,4389,2685,5184,360,1,Yes,No
Male,No,2,Yes,Yes,2154,5759,2068,360,0,No,Yes
Male,No,3+,No,Yes,3371,1000,9578,180,1,No,Yes
Male,No,1,Yes,No,1094,6293,4646,360,1,Yes,No
Female,Yes,3+,Yes,Yes,2018,2868,4008,240,1,Yes,No
Female,Yes,1,Yes,Yes,9128,1986,2970,360,1,Yes,Yes
Female,No,3+,No,No,3697,7631,4653,240,0,Yes,No
Male,No,2,Yes,Yes,2359,1118,4054,360,1,Yes,No
Female,Yes,2,Yes,No,6573,3591,7523,360,1,Yes,No
Female,No,3+,No,Yes,3267,3561,6527,180,1,No,No
Male,No,1,No,No,9769,3633,8036,180,0,Yes,No
Male,Yes,1,No,Yes,6772,1412,6002,180,1,Yes,No
Male,No,3+,Yes,No,9818,3943,5092,360,1,No,Yes
Male,Yes,1,No,Yes,5602,8216,7079,240,0,No,Yes
Male,No,0,Yes,No,2949,6861,6781,180,1,Yes,No
Female,Yes,3+,Yes,No,6150,3936,4415,180,0,No,No
Male,No,0,Yes,Yes,5358,3287,8765,240,1,No,Yes
Female,No,3+,No,No,5403,2749,5476,360,1,Yes,No
Male,Yes,1,Yes,No,7690,7232,6547,240,1,No,No
Male,Yes,1,No,Yes,2238,8487,8814,180,1,No,No
Female,Yes,1,Yes,Yes,6521,1250,7784,360,1,No,No
Female,Yes,1,No,No,7873,3794,7089,360,1,Yes,Yes
Female,Yes,1,Yes,Yes,5097,2518,1386,240,1,No,No
Female,No,3+,Yes,Yes,1909,3865,6853,360,1,Yes,No
Male,No,3+,Yes,Yes,4916,6811,8511,240,0,No,No
Male,No,1,No,Yes,9804,1365,7436,360,1,Yes,Yes
Female,No,2,Yes,Yes,3957,4863,4026,180,1,No,Yes
Male,No,3+,No,Yes,7714,6471,1686,180,1,Yes,No
Female,Yes,3+,No,Yes,7701,3505,7947,360,1,No,Yes
Female,No,0,Yes,No,3854,9264,9490,180,1,No,No
Male,No,0,No,Yes,9826,2202,6402,180,1,Yes,No
Male,Yes,3+,No,No,8095,4224,1155,360,0,No,Yes
Male,No,2,No,Yes,1010,7553,2653,240,1,Yes,Yes
Female,Yes,3+,No,Yes,1778,7924,5961,180,1,No,Yes
Male,Yes,0,Yes,Yes,4953,6465,6058,240,1,No,No
Female,No,1,No,No,8260,8630,1751,360,1,No,No
Female,No,3+,No,No,4074,5855,9266,360,0,Yes,Yes
Female,Yes,3+,No,No,6672,1294,9876,240,1,No,No
Female,No,1,Yes,No,8686,9127,2082,180,1,No,Yes
Male,No,2,Yes,No,2700,4374,1029,240,1,Yes,No
Male,Yes,1,No,No,6947,5770,7356,180,1,Yes,No
Female,No,3+,Yes,No,2356,3107,5940,180,0,No,Yes
Female,Yes,3+,Yes,Yes,2234,2730,6244,360,1,No,No
Female,No,0,No,No,5779,5346,1667,360,1,Yes,Yes
Male,No,2,No,Yes,1770,5853,8783,180,0,Yes,Yes
Female,No,1,No,No,7210,4042,6909,360,1,Yes,No
Male,Yes,2,Yes,Yes,2350,6248,9628,360,1,No,No
Male,Yes,2,Yes,No,9659,4184,6195,360,1,Yes,Yes
Male,No,0,Yes,Yes,9212,1172,5703,180,1,Yes,Yes
Female,No,3+,Yes,Yes,9957,3548,4500,240,1,Yes,Yes
Female,No,1,No,Yes,6074,4498,8029,360,0,Yes,No
Male,Yes,3+,Yes,No,8382,3812,3153,180,1,Yes,No
Female,Yes,0,Yes,No,2403,9210,3014,180,1,No,No
Female,Yes,3+,Yes,Yes,8563,4524,5987,360,1,No,Yes
Male,Yes,2,No,Yes,2124,4153,1712,240,1,Yes,No
Female,Yes,0,No,Yes,9492,8801,3312,360,0,Yes,No
Female,No,0,Yes,No,7219,6164,2080,180,1,No,Yes
Female,Yes,3+,No,Yes,5477,9529,9122,180,1,Yes,Yes
Male,No,1,Yes,Yes,1151,2771,5389,240,1,No,Yes
Female,No,2,No,No,1369,5181,9822,360,0,Yes,Yes
Female,No,0,No,No,8761,2323,8458,180,1,Yes,Yes
Female,Yes,3+,No,Yes,4833,7468,9331,180,1,No,Yes
Female,Yes,3+,Yes,Yes,9467,5274,6769,240,1,Yes,No
Male,Yes,1,No,No,3482,7560,8040,360,1,Yes,Yes
Male,Yes,2,Yes,No,4876,5450,6646,180,1,No,No
Female,Yes,2,No,Yes,5612,5619,2296,240,1,Yes,No
Female,No,0,No,No,9616,6829,4207,240,1,Yes,No
Female,Yes,0,No,Yes,6633,3859,3414,180,1,No,No
Female,Yes,2,Yes,Yes,3526,5848,4520,360,1,No,No
Female,Yes,2,No,Yes,2976,6358,9648,360,0,Yes,Yes
Female,No,3+,No,Yes,3022,1921,7990,180,0,Yes,No
Male,Yes,2,Yes,Yes,4973,5543,1060,180,1,Yes,Yes
Female,Yes,1,Yes,Yes,2615,2106,1839,360,1,No,No
Female,No,1,Yes,No,6234,1829,6351,240,1,Yes,Yes
Female,Yes,2,Yes,No,2219,6269,3878,180,0,Yes,Yes
Female,No,0,No,No,2531,5119,3934,240,0,No,No
Female,No,1,No,Yes,2688,7154,1741,240,1,Yes,No
Female,Yes,1,No,Yes,8681,9846,2861,360,1,Yes,Yes
Female,Yes,2,No,No,1012,8922,3201,180,0,Yes,No
Female,No,0,Yes,No,1364,6096,6502,180,0,Yes,No
Male,Yes,0,Yes,No,4380,1425,5652,360,1,Yes,No
Male,Yes,1,Yes,No,2391,3652,6276,240,1,Yes,Yes
Female,Yes,2,Yes,No,3275,3651,9446,360,1,No,No
Male,No,2,Yes,No,1287,5758,3113,180,0,Yes,Yes
Female,No,1,Yes,Yes,4015,6947,6299,360,1,Yes,Yes
Male,No,1,No,No,3103,8072,8726,360,1,No,No
Female,No,0,Yes,Yes,6912,5293,8017,360,1,Yes,Yes
Male,No,0,Yes,No,5242,1632,1392,240,1,Yes,Yes
Male,No,0,No,Yes,4990,6710,2507,360,1,Yes,Yes
Female,Yes,0,Yes,Yes,5212,5921,9790,240,0,Yes,Yes
Male,Yes,1,Yes,Yes,5585,7254,4095,360,1,No,Yes
Female,Yes,1,Yes,No,3370,8113,2186,240,1,No,No
Female,Yes,3+,Yes,No,4249,1523,6151,180,1,Yes,Yes
Female,No,3+,Yes,No,7261,3160,8748,180,1,No,No
Male,No,3+,No,Yes,4101,7834,8808,240,1,No,No
Male,Yes,1,No,No,6584,9019,8762,180,0,No,No
Male,Yes,3+,No,No,6045,2834,8680,240,0,No,Yes
Male,Yes,2,Yes,Yes,4667,3209,1876,360,1,No,No
Male,No,3+,Yes,No,1791,7214,3274,240,1,Yes,Yes
Female,No,2,No,Yes,8322,8191,6254,360,1,No,Yes
Male,No,3+,Yes,Yes,3155,5860,6146,240,1,Yes,No
Female,Yes,2,Yes,No,3132,1541,4027,180,0,No,Yes
Female,No,3+,No,No,3994,2378,5491,360,0,Yes,Yes
Female,No,3+,No,Yes,4787,8463,5797,240,1,Yes,No
Male,No,1,No,No,3585,7254,9989,360,1,Yes,No
Male,Yes,0,No,No,3835,7503,6152,360,1,Yes,Yes
Female,No,1,No,No,2393,9258,9845,180,1,No,Yes
Female,Yes,0,Yes,Yes,6373,9629,3233,240,0,Yes,No
Male,Yes,3+,Yes,No,1781,4541,7795,240,1,No,No
Male,Yes,3+,No,Yes,3028,1723,5737,360,1,Yes,Yes
Male,Yes,2,Yes,No,1940,2441,2277,360,1,No,Yes
Female,No,2,Yes,No,1672,1220,1336,180,1,No,Yes
Female,Yes,2,Yes,No,7929,2822,6352,360,1,No,No
Male,Yes,0,No,No,2998,1058,7887,360,1,Yes,Yes
Male,Yes,3+,Yes,Yes,1934,8838,6584,360,1,No,No
Female,No,0,No,Yes,1977,3766,2370,180,1,No,No
Female,No,0,No,No,8936,7802,6354,180,0,Yes,Yes
Female,Yes,3+,No,No,2799,3486,5621,180,1,No,No
Female,No,3+,No,Yes,5859,5520,6980,240,1,Yes,Yes
Female,Yes,1,Yes,Yes,5435,4468,2703,360,1,Yes,No
Male,Yes,0,No,Yes,8581,6146,1698,240,1,Yes,No
Female,Yes,2,No,No,7640,6794,7577,240,1,No,Yes
Male,Yes,2,No,No,7649,2420,1358,240,0,No,Yes
Male,Yes,2,Yes,No,8560,5517,4747,180,0,No,No
Female,Yes,3+,Yes,Yes,9542,5043,6122,180,1,Yes,No
Female,Yes,0,Yes,Yes,7944,4828,6325,240,1,Yes,Yes
Male,No,2,Yes,Yes,7078,2634,4173,240,1,Yes,No
Female,Yes,2,Yes,Yes,2006,6707,2239,180,1,No,Yes
Female,No,2,Yes,Yes,5770,9733,3991,360,1,No,No
Male,Yes,3+,Yes,Yes,9128,2567,6591,180,1,No,Yes
Female,No,0,No,Yes,7282,4259,5650,240,1,No,Yes
Male,No,2,No,Yes,8719,3967,2451,180,1,Yes,Yes
Male,Yes,2,Yes,No,9061,2306,6885,240,1,Yes,No
Female,No,1,No,Yes,6752,7762,8628,180,0,Yes,No
Female,No,2,Yes,No,9880,9774,1744,360,1,No,Yes
Female,No,0,No,Yes,9673,8837,3029,240,1,No,No
Male,No,3+,Yes,No,8233,2313,4891,360,1,Yes,No
Male,No,3+,Yes,No,6983,3977,3638,360,1,No,Yes
Male,Yes,3+,No,No,1438,7417,7925,240,1,Yes,Yes
Male,No,2,No,Yes,4828,7918,5351,180,0,No,No
Female,No,2,Yes,Yes,6867,7216,9212,360,0,No,Yes
Female,No,1,Yes,No,7958,2011,8505,360,1,Yes,Yes
Female,Yes,3+,Yes,Yes,5495,8626,5041,360,1,No,No
Male,No,2,No,Yes,4172,5688,4599,360,1,Yes,No
Male,No,0,Yes,Yes,3239,4803,1242,360,1,Yes,Yes
Male,Yes,0,Yes,No,8457,9591,6846,240,0,Yes,No
Male,Yes,1,Yes,Yes,8166,4557,6181,240,1,Yes,Yes
Male,No,1,No,Yes,2031,2982,7049,360,1,No,No
Male,No,0,Yes,Yes,8730,7756,3013,180,1,No,Yes
Female,No,3+,Yes,Yes,8210,4745,9488,180,1,No,No
Female,Yes,0,No,Yes,6368,8892,1207,180,1,No,No
Female,Yes,0,Yes,No,3960,6856,9451,180,1,No,No
Female,Yes,3+,Yes,No,1559,1100,4159,240,1,Yes,No
Male,No,2,No,No,4338,6835,2830,240,1,No,No
Female,No,3+,No,Yes,7486,9488,2333,180,1,No,Yes
Female,Yes,3+,Yes,No,6682,3107,2595,240,0,No,No
Female,Yes,3+,Yes,No,4243,5155,7869,360,0,Yes,Yes
Male,Yes,2,No,Yes,9640,8860,8159,180,1,Yes,Yes
Male,No,0,No,No,4878,8589,4589,240,1,No,Yes
Female,No,1,Yes,No,2016,7099,5966,240,1,No,No
Female,Yes,1,No,Yes,5488,7777,7435,240,1,Yes,Yes
Male,No,1,Yes,No,7183,4116,8750,240,1,Yes,No
Female,No,3+,Yes,No,7364,8647,8818,240,1,No,Yes
Male,Yes,1,Yes,No,1956,4390,1626,240,1,Yes,No
Female,No,3+,Yes,Yes,5131,7627,1673,360,1,Yes,No
Female,Yes,2,Yes,Yes,9663,1775,8802,240,1,Yes,Yes
Male,No,1,No,Yes,9483,2021,5649,240,1,No,Yes
Female,Yes,0,Yes,No,1861,1217,4260,180,0,Yes,No
Female,Yes,3+,No,Yes,4573,6462,1983,240,1,Yes,No
Female,Yes,3+,Yes,Yes,8106,1865,9869,240,1,Yes,No
Female,Yes,2,No,Yes,8572,6238,1443,360,1,No,No
Female,Yes,0,Yes,No,2924,5558,3277,180,1,Yes,Yes
Female,No,0,No,No,9615,8363,1918,360,1,Yes,No
Female,No,0,Yes,No,4092,2495,4043,240,1,No,No
Female,No,0,Yes,Yes,5023,5587,5319,360,1,No,Yes
Male,No,3+,No,Yes,5271,4349,3402,180,0,Yes,Yes
Female,No,1,No,No,5323,8064,8343,180,0,Yes,Yes
Female,Yes,2,No,Yes,4511,4950,2514,360,1,Yes,No
Male,Yes,1,No,No,2178,6813,1304,180,1,Yes,Yes
Female,Yes,0,No,No,5829,7465,5505,180,1,No,No
Male,Yes,1,Yes,No,5088,5200,3477,180,1,No,Yes
Female,Yes,2,Yes,No,5654,4631,9376,240,1,No,No
Male,Yes,3+,No,Yes,2834,7411,8387,180,1,No,Yes
Female,Yes,3+,No,No,2880,6849,2054,240,1,Yes,No
Male,No,2,No,No,1958,6436,2597,180,1,Yes,Yes
Male,No,0,No,No,6153,8087,5977,180,1,No,Yes
Female,Yes,3+,Yes,No,8833,1638,8684,240,1,No,Yes
Female,Yes,0,Yes,No,5577,8418,2441,360,0,Yes,Yes
Male,No,3+,No,No,1142,6666,8824,180,1,No,Yes
Male,No,0,No,No,9951,3321,6116,360,1,Yes,Yes
Female,No,2,Yes,No,4795,5395,4958,180,1,Yes,Yes
Female,Yes,3+,No,No,1112,6079,4660,180,1,Yes,No
Female,Yes,1,No,No,8217,3904,3038,360,1,Yes,Yes
Female,Yes,2,Yes,Yes,5196,3605,2762,180,1,No,Yes
Male,Yes,0,Yes,No,6171,7821,1779,240,0,No,Yes
Male,No,3+,Yes,No,8316,1656,6242,180,1,No,Yes
Male,No,2,Yes,Yes,6131,8009,8500,360,1,Yes,Yes
Male,No,0,Yes,No,1695,5894,3726,240,1,Yes,No
Female,No,2,No,Yes,3445,5770,2154,180,1,No,Yes
Female,No,0,Yes,No,2952,7382,2581,180,0,No,No
Male,Yes,2,No,No,4474,4487,1059,360,0,Yes,No
Male,No,1,Yes,Yes,1565,3379,5607,180,1,No,Yes
Female,Yes,1,Yes,Yes,1531,5380,3993,240,1,Yes,No
Female,Yes,3+,No,No,2678,8252,3277,360,1,Yes,Yes
Female,No,0,No,Yes,2031,2127,7048,180,1,No,Yes
Male,Yes,3+,No,No,4722,7297,3189,240,1,Yes,No
Male,No,0,Yes,No,5295,5066,5989,360,1,No,Yes
Male,Yes,3+,Yes,No,5999,2629,8641,240,0,No,No
Female,No,3+,Yes,No,2546,5559,7578,240,1,Yes,Yes
Male,Yes,3+,No,No,7807,1049,1213,240,1,Yes,No
Male,No,0,Yes,No,1027,5174,9810,240,0,No,No
Female,Yes,3+,Yes,No,8190,4504,7511,360,1,Yes,No
Female,No,0,Yes,No,3912,9524,2360,240,0,No,No
Male,Yes,2,No,No,2102,2111,2384,240,1,Yes,Yes
Female,No,2,No,Yes,1749,4254,9181,360,0,No,No
Male,Yes,1,Yes,Yes,2809,3447,1047,360,1,No,Yes
Female,Yes,0,Yes,No,3915,5487,4675,360,1,Yes,Yes
Female,Yes,2,Yes,Yes,5121,3167,8433,180,1,Yes,Yes
Male,No,2,Yes,No,4033,6487,6355,180,1,Yes,Yes
Male,No,2,No,Yes,7461,3967,6343,180,0,Yes,No
Female,Yes,3+,No,Yes,4987,6390,9130,180,1,No,No
Male,No,2,Yes,Yes,2509,1931,9168,240,1,Yes,Yes
Male,Yes,0,No,No,9243,8878,7271,240,1,No,Yes
Female,No,2,Yes,No,6094,4518,3682,360,1,Yes,No
Female,No,3+,Yes,Yes,3999,9240,3726,240,1,Yes,No
Female,Yes,1,Yes,Yes,5869,5196,4576,240,1,No,Yes
Male,No,2,No,No,6914,7618,8126,240,1,Yes,Yes
Female,Yes,0,Yes,Yes,6804,9482,4468,180,1,No,Yes
Male,No,1,No,Yes,8429,3735,7486,180,1,Yes,Yes
Female,No,1,No,Yes,7414,8895,9529,240,1,No,No
Male,No,0,Yes,No,5196,8330,5986,240,1,No,No
Male,Yes,0,Yes,No,4680,3242,2239,360,1,No,No
Male,No,0,Yes,Yes,6948,9613,1807,360,1,No,No
Male,No,3+,Yes,No,9580,9463,8699,240,1,Yes,Yes
Male,No,3+,Yes,Yes,5845,2912,5850,360,1,No,No
Female,No,2,Yes,Yes,9751,1577,3641,180,1,Yes,Yes
Female,Yes,0,No,No,7984,1752,4186,240,1,Yes,Yes
Female,No,3+,No,No,8794,6166,1277,180,0,Yes,Yes
Female,Yes,3+,No,No,4904,3601,5639,180,1,No,Yes
Male,Yes,1,No,Yes,8132,2847,5870,180,1,No,No
Female,No,1,No,Yes,3542,6787,3892,180,1,No,Yes
Female,No,1,No,Yes,1659,6972,4874,240,1,No,Yes
Female,No,1,Yes,No,7814,1970,2420,240,1,No,No
Male,No,3+,No,No,4403,3384,6870,240,1,No,Yes
Male,Yes,2,Yes,No,5150,4656,3446,180,1,Yes,Yes
Male,No,3+,Yes,No,4737,8956,5041,360,1,Yes,Yes
Male,Yes,0,Yes,No,3185,6786,7749,180,0,Yes,Yes
Female,No,2,Yes,No,6109,4859,5638,180,1,Yes,Yes
Female,Yes,3+,No,No,5978,3232,6668,360,1,Yes,No
Male,No,3+,Yes,No,6189,5162,2349,240,1,No,No
Female,Yes,2,No,Yes,1221,2284,5663,360,1,No,Yes
Male,Yes,0,No,Yes,1976,8548,8310,240,1,Yes,Yes
Male,No,1,Yes,Yes,8118,5916,5890,180,1,Yes,Yes
Female,Yes,2,Yes,No,9540,1820,4485,180,1,No,No
Male,No,0,No,No,2469,8874,1027,360,1,No,No
Female,Yes,1,No,Yes,7307,5254,7880,180,1,No,No
Male,Yes,0,No,No,8260,5778,9175,360,1,No,No
Male,No,2,No,No,4637,8150,4527,240,0,No,Yes
Female,No,3+,Yes,Yes,2292,5955,5536,360,1,Yes,No
Male,No,3+,Yes,Yes,6336,2397,9257,180,0,Yes,No
Female,Yes,1,No,No,5925,6818,3241,240,1,Yes,Yes
Female,Yes,2,No,Yes,2286,2258,6054,240,1,Yes,Yes
Male,Yes,2,Yes,No,2648,8864,4520,180,1,Yes,No
Female,No,0,No,Yes,1912,8976,3519,240,1,No,Yes
Male,Yes,1,No,Yes,7447,8427,1032,240,1,No,Yes
Female,Yes,1,Yes,Yes,8962,3610,7796,180,1,Yes,Yes
Male,Yes,0,Yes,Yes,3243,6456,3161,360,0,Yes,No
Male,No,1,No,Yes,5021,4142,7013,180,1,Yes,Yes
Female,Yes,0,Yes,Yes,1804,4735,6337,240,1,Yes,Yes
Female,Yes,2,No,No,9105,6941,8666,240,1,No,No
Female,No,0,Yes,Yes,2288,9880,8074,360,0,No,Yes
Male,No,2,No,No,7008,6200,3291,180,1,Yes,Yes
Female,Yes,3+,No,No,3555,1283,4749,180,1,Yes,No
Male,No,1,Yes,No,2143,3766,5979,360,1,Yes,Yes
Female,Yes,1,Yes,Yes,4160,1211,4788,240,1,No,Yes
Female,No,1,No,No,8742,1517,1806,240,1,Yes,Yes
Male,No,1,No,Yes,6248,6422,2969,240,1,No,Yes
Male,No,2,Yes,Yes,3825,2886,2254,360,1,Yes,No
Female,No,0,No,No,1207,6256,1812,240,0,Yes,Yes
Male,No,1,No,Yes,6052,3210,3913,240,1,Yes,No
Male,No,3+,Yes,Yes,6185,9932,6675,180,1,No,Yes
Male,Yes,3+,Yes,Yes,5116,5212,2742,180,1,No,No
Female,No,1,No,Yes,8839,8334,1153,180,1,No,No
Male,Yes,2,No,Yes,3716,6008,3768,180,1,Yes,No
Male,Yes,0,Yes,Yes,6666,5011,4967,240,1,Yes,Yes
Female,Yes,1,Yes,No,8718,3565,7601,360,1,Yes,No
Male,No,3+,Yes,Yes,4038,4405,3495,180,1,Yes,No
Female,No,0,No,Yes,8268,4627,8055,240,0,Yes,No
Female,No,3+,No,No,1147,3480,2917,180,1,No,Yes
Female,Yes,3+,Yes,No,1714,7513,7740,180,0,No,Yes
Female,No,1,No,No,9433,4076,5341,180,1,Yes,Yes
Female,No,0,Yes,Yes,4048,3888,1571,240,1,Yes,No
Male,No,0,No,No,9872,6475,2123,240,0,Yes,No
Female,No,3+,No,Yes,3449,2515,7184,240,1,Yes,No
Male,Yes,1,Yes,Yes,1134,1795,1374,180,1,Yes,Yes
Female,No,1,No,No,7960,5038,9715,240,0,No,Yes
Female,No,1,Yes,Yes,9221,4416,4730,180,0,Yes,Yes
Female,Yes,2,No,Yes,7593,3025,2846,360,1,Yes,Yes
Female,No,0,No,No,3995,8950,6735,180,1,Yes,No
Male,Yes,2,Yes,Yes,9829,3402,3221,180,1,Yes,Yes
Female,No,1,No,Yes,2789,4195,7910,180,1,No,Yes
Female,No,0,No,No,5352,3062,2977,240,1,No,Yes
Male,No,2,No,No,5991,7139,2925,180,1,No,Yes
Female,No,1,Yes,Yes,8622,7897,9364,360,1,No,Yes
Male,No,1,No,Yes,2791,2055,1275,360,1,Yes,No
Female,Yes,0,No,Yes,1478,2240,3136,360,1,No,No
Male,Yes,3+,Yes,No,3910,4810,5002,180,1,No,Yes
Female,Yes,2,No,No,4889,6803,3554,180,0,Yes,Yes
Female,Yes,0,Yes,Yes,9134,7089,8562,240,0,Yes,Yes
Female,No,2,No,Yes,1782,4266,4793,240,1,No,Yes
Male,Yes,1,No,Yes,8437,3457,9897,180,1,Yes,Yes
Male,No,2,Yes,No,6352,1816,1059,180,0,No,No
Male,Yes,3+,No,No,3714,7601,6169,360,0,No,Yes
Male,Yes,3+,No,Yes,8468,7602,5219,360,0,Yes,Yes
Male,Yes,3+,No,Yes,8932,9320,9081,240,1,No,No
Female,Yes,1,No,No,8533,3734,5497,360,1,Yes,Yes
Male,No,2,No,Yes,4615,2908,2765,240,0,No,Yes
Female,No,0,No,Yes,1307,7690,6313,360,0,No,No
Male,No,3+,No,Yes,4868,8056,1541,180,1,Yes,No
Male,Yes,0,Yes,Yes,3591,7963,3339,180,1,Yes,Yes
Male,No,2,No,No,5599,9765,2893,240,1,No,No
Female,Yes,2,Yes,No,8357,9930,4884,240,1,Yes,No
Female,No,0,Yes,No,3017,5913,7504,360,0,No,No
Female,No,2,Yes,No,6143,2861,8047,240,1,No,Yes
Female,Yes,0,No,Yes,7436,6062,4781,360,1,Yes,Yes
Male,Yes,3+,No,No,9719,5394,5330,360,1,Yes,No
Female,Yes,3+,Yes,Yes,2664,2646,1637,240,1,Yes,Yes
Female,Yes,0,No,Yes,1955,1076,2005,180,1,Yes,Yes
Male,No,0,Yes,Yes,3572,4475,2539,180,0,No,No
Female,No,2,No,No,2075,8208,2098,360,1,No,No
Male,Yes,1,Yes,No,1215,5788,1630,180,1,Yes,No
Male,Yes,0,No,No,5192,8713,4049,180,1,No,No
Female,Yes,1,No,Yes,1368,2284,4626,240,1,Yes,No
Male,No,2,Yes,No,6845,5731,8777,180,1,No,No
Male,No,2,No,No,1017,3679,3462,240,0,Yes,No
Male,Yes,2,No,No,4194,1191,2622,180,1,Yes,No
Female,Yes,3+,No,No,7706,9339,9259,240,1,Yes,No
Male,No,0,Yes,No,8896,6627,8258,360,0,Yes,Yes
Male,No,3+,Yes,No,9401,7997,1898,240,1,No,Yes
Female,No,0,No,Yes,1784,7106,4382,180,0,Yes,No
Female,No,0,Yes,No,8372,8378,7504,240,1,No,No
Male,Yes,1,No,No,1570,4264,3704,360,1,No,Yes
Male,No,2,Yes,No,8744,9221,5732,360,1,No,No
Female,No,3+,Yes,Yes,7512,1578,7352,180,1,No,No
Female,No,2,Yes,Yes,5949,8856,8316,360,1,Yes,Yes
Male,Yes,3+,No,Yes,2128,3651,9571,240,0,Yes,No
Female,Yes,0,Yes,No,8992,3419,7321,180,1,No,No
Male,Yes,2,No,No,8155,8682,9851,360,1,Yes,No
Female,No,0,No,Yes,5692,9858,5021,240,1,Yes,No
Female,No,2,No,Yes,1914,5885,3381,360,1,No,Yes
Female,Yes,0,Yes,No,2945,2511,8365,180,1,Yes,No
Male,Yes,1,No,No,6597,4064,6418,240,1,Yes,Yes
Male,No,2,No,No,1047,8681,5528,240,1,No,Yes
Female,Yes,2,Yes,Yes,5124,5811,2742,180,1,Yes,Yes
Female,No,3+,Yes,No,2253,7997,3561,180,1,No,No
Male,No,1,No,No,1682,6524,9746,360,1,No,No
Female,Yes,3+,No,Yes,9899,9802,8759,180,1,Yes,Yes
Female,No,2,No,No,2949,5478,7046,180,1,No,No
Male,No,3+,Yes,No,5525,6532,5534,240,1,Yes,No
Female,No,2,No,Yes,7174,7244,5979,240,0,No,Yes
Female,No,2,Yes,No,8609,1750,3325,360,1,Yes,Yes
Female,Yes,1,No,No,7515,7513,4064,180,1,Yes,No
Male,No,1,No,Yes,8122,8157,8423,240,1,No,Yes
Male,Yes,3+,No,No,3598,4126,4355,180,1,No,Yes
Female,No,1,Yes,Yes,5698,1458,2257,360,1,Yes,Yes
Female,Yes,3+,Yes,No,6406,9258,3797,180,1,No,No
Male,No,2,No,Yes,4573,4566,3080,180,0,No,Yes
Female,No,0,No,Yes,7278,5741,4805,180,1,Yes,No
Female,No,1,Yes,No,2559,9391,2891,180,1,Yes,No
Male,Yes,1,Yes,No,5477,6626,8328,360,1,Yes,No
Male,No,1,No,Yes,5503,6392,6822,180,0,No,No
Female,Yes,1,Yes,No,1261,2418,7305,240,1,Yes,Yes
Male,No,2,No,No,7018,8201,8904,240,1,No,No
Male,Yes,0,No,Yes,9183,9752,9998,180,1,Yes,Yes
Male,No,0,No,No,4045,3599,6479,360,1,Yes,Yes
Male,Yes,2,No,No,5508,2673,7841,180,1,Yes,No
Male,Yes,2,Yes,No,8931,8733,2860,180,1,No,Yes
Female,No,0,Yes,No,9357,7198,7640,360,1,No,No
Female,Yes,1,Yes,No,5935,8599,4324,180,1,Yes,Yes
Male,No,0,No,No,3285,6100,2356,240,1,Yes,No
Female,Yes,3+,Yes,Yes,4593,6535,3988,240,1,Yes,Yes
Female,Yes,2,Yes,No,7686,7497,4475,180,1,Yes,Yes
Male,Yes,2,No,Yes,2493,9729,9392,240,0,Yes,Yes
Male,Yes,3+,Yes,No,2919,6519,6789,240,0,No,Yes
Male,Yes,3+,No,No,7415,4820,1389,360,1,Yes,No
Female,Yes,0,No,Yes,6264,7695,7173,360,0,Yes,Yes
Female,Yes,3+,Yes,No,5504,8140,9664,180,1,Yes,No
Male,No,1,Yes,Yes,7470,5810,8427,180,1,No,Yes
Female,No,2,Yes,Yes,4549,6442,8189,240,1,No,Yes
Female,No,0,No,Yes,3272,8460,2089,240,1,No,No
Male,Yes,3+,Yes,Yes,3715,8946,6216,360,1,Yes,Yes
Female,No,3+,No,Yes,6345,8881,7718,360,1,No,Yes
Male,Yes,0,No,Yes,1395,2426,4814,180,1,Yes,No
Female,No,2,No,No,2993,4845,7215,240,1,Yes,No
Female,No,1,Yes,No,3035,8806,7047,360,1,Yes,No
Male,No,2,No,Yes,8460,3470,9261,360,1,No,No
Male,No,2,No,Yes,3679,8191,6431,180,1,No,No
Female,Yes,3+,Yes,No,8518,6222,7580,240,0,Yes,Yes
Male,Yes,1,No,Yes,9668,3939,1795,240,1,Yes,Yes
Male,No,0,No,No,6349,6164,3538,240,1,Yes,Yes
Male,Yes,3+,Yes,Yes,5471,7540,9275,360,1,Yes,No
Female,No,0,No,No,3259,1405,5601,240,1,No,Yes
Male,No,2,Yes,Yes,9621,6588,4357,360,0,Yes,Yes
Male,No,1,Yes,Yes,4110,8498,2385,180,1,Yes,No
Female,No,2,No,Yes,1760,2365,7684,240,1,Yes,No
Female,No,0,No,Yes,3726,6152,7248,180,1,No,No
Female,No,2,Yes,Yes,2318,8719,5479,240,1,No,Yes
Male,No,3+,No,No,1585,1054,7318,360,0,No,No
Female,No,0,No,Yes,1140,3798,3814,360,1,No,No
Male,Yes,2,Yes,No,9496,8430,2666,360,1,Yes,No
Female,Yes,0,Yes,Yes,7780,8174,8148,360,1,Yes,Yes
Male,Yes,0,No,No,9784,2758,4374,240,0,No,No
Female,Yes,3+,Yes,No,7645,6471,2019,180,1,No,No
Male,No,3+,No,Yes,3746,9514,7749,240,0,Yes,No
Female,No,3+,No,Yes,9527,6948,8381,360,1,No,No
Female,No,3+,No,Yes,2768,9872,3104,240,0,No,Yes
Female,No,3+,Yes,No,3823,1244,8049,360,1,Yes,Yes
Female,No,2,No,Yes,6575,4205,6915,360,1,No,Yes
Male,No,3+,No,No,4695,5523,7046,360,1,No,Yes
Female,No,3+,Yes,Yes,4026,5290,5739,360,1,No,No
Male,Yes,3+,No,No,8849,9614,3967,180,1,No,No
Male,No,0,No,No,5977,8616,6878,360,1,No,Yes
Female,No,1,No,Yes,6298,5672,5580,360,1,Yes,No
